CustomerSegment,CustomerCount,TotalRevenue,AvgRevenuePerCustomer,AvgCLV,AvgRecency,AvgFrequency
At Risk,413,383478.811,928.5201234866828,1379.9250566978633,162.24939467312348,2.414043583535109
Champions,947,5755513.22,6077.62747624076,7349.1107768018155,12.542766631467794,11.15311510031679
Lost Customers,1074,524889.702,488.7241173184358,943.4979213221457,216.67504655493482,1.101489757914339
Loyal Customers,702,1351812.7010000001,1925.6591182336183,2586.5931057610715,71.37037037037037,5.235042735042735
Need Attention,554,333965.62,602.8260288808664,1755.347563457157,52.09386281588448,1.6155234657039712
New Customers,137,50775.45,370.6237226277372,1503.0850973236008,18.080291970802918,1.0
Potential Loyalists,511,510972.4,999.945988258317,2448.419673577314,16.41487279843444,2.1193737769080236
